{
    "languageModel": {
        "invocationName": "i'm hungry",
        "intents": [
            {
                "name": "AMAZON.CancelIntent",
                "slots": [],
                "samples": []
            },
            {
                "name": "AMAZON.HelpIntent",
                "slots": [],
                "samples": []
            },
            {
                "name": "AMAZON.StopIntent",
                "slots": [],
                "samples": []
            },
            {
                "name": "GetNewFactIntent",
                "slots": [
                    {
                        "name": "MOOD",
                        "type": "AMAZON.SearchQuery"
                    }
                ],
                "samples": [
                    "my day was {MOOD}",
                    "i'm feeling {MOOD}",
                    "i feel {MOOD}",
                    "i am {MOOD}",
                    "i'm {MOOD}"
                ]
            }
        ],
        "types": []
    }
}